Date,Open,High,Low,Close,TotalVolume,$ Volume,Split,Dividend,MarketCap,SharesOut,Exchange,Sector,Industry,Category,VolRatio,OIRatio
20191107,12.75000000,13.25000000,12.25000000,12.52000000,9213,115347,N/A,N/A,0,0,"NYSE","","","Common Stock",12.52000000,12.52000000
20191108,12.78000000,13.25000000,12.67000000,13.02000000,1874,24399,N/A,N/A,0,0,"NYSE","","","Common Stock",13.02000000,13.02000000
20191111,13.05000000,13.74000000,13.05000000,13.40000000,1357,18184,N/A,N/A,0,0,"NYSE","","","Common Stock",13.40000000,13.40000000
20191112,13.51000000,13.69000000,13.30000000,13.55000000,810,10976,N/A,N/A,0,0,"NYSE","","","Common Stock",13.55000000,13.55000000
20191113,13.61000000,14.99000000,13.55000000,14.45000000,2376,34333,N/A,N/A,0,0,"NYSE","","","Common Stock",14.45000000,14.45000000
20191114,14.85000000,16.72000000,14.83000000,15.35000000,6933,106422,N/A,N/A,0,0,"NYSE","","","Common Stock",15.35000000,15.35000000
20191115,15.59000000,16.17000000,15.00000000,15.10000000,2770,41827,N/A,N/A,0,0,"NYSE","","","Common Stock",15.10000000,15.10000000
20191118,15.50000000,15.72500000,14.85000000,15.69000000,1249,19597,N/A,N/A,0,0,"NYSE","","","Common Stock",15.69000000,15.69000000
20191119,15.65000000,16.90000000,15.30000000,16.09000000,1803,29010,N/A,N/A,0,0,"NYSE","","","Common Stock",16.09000000,16.09000000
20191120,16.20000000,16.37000000,15.61000000,16.24000000,1685,27364,N/A,N/A,0,0,"NYSE","","","Common Stock",16.24000000,16.24000000
20191121,16.34000000,16.72000000,16.20000000,16.43000000,1063,17465,N/A,N/A,0,0,"NYSE","","","Common Stock",16.43000000,16.43000000
20191122,16.26000000,16.26000000,15.51300000,15.67000000,976,15294,N/A,N/A,0,0,"NYSE","","","Common Stock",15.67000000,15.67000000
20191125,15.70000000,15.98000000,13.95000000,15.35000000,2122,32573,N/A,N/A,0,0,"NYSE","","","Common Stock",15.35000000,15.35000000
20191126,15.29000000,15.97000000,14.90000000,15.95000000,773,12329,N/A,N/A,0,0,"NYSE","","","Common Stock",15.95000000,15.95000000
20191127,15.82000000,16.05000000,15.63800000,16.05000000,834,13386,N/A,N/A,0,0,"NYSE","","","Common Stock",16.05000000,16.05000000
20191128,15.82000000,16.05000000,15.63800000,16.05000000,0,0,N/A,N/A,0,0,"NYSE","","","Common Stock",16.05000000,16.05000000
20191129,15.98000000,16.52000000,15.79000000,16.42000000,610,10016,N/A,N/A,0,0,"NYSE","","","Common Stock",16.42000000,16.42000000
20191202,16.55000000,16.95000000,15.50000000,16.02000000,1038,16629,N/A,N/A,0,0,"NYSE","","","Common Stock",16.02000000,16.02000000
20191203,15.82000000,15.82000000,15.25000000,15.44000000,737,11379,N/A,N/A,0,0,"NYSE","","","Common Stock",15.44000000,15.44000000
20191204,15.37000000,15.64000000,15.05000000,15.17000000,471,7145,N/A,N/A,0,0,"NYSE","","","Common Stock",15.17000000,15.17000000
20191205,15.52000000,15.60000000,14.90000000,15.50000000,591,9161,N/A,N/A,0,0,"NYSE","","","Common Stock",15.50000000,15.50000000
20191206,15.38000000,15.60000000,14.93700000,15.15000000,471,7136,N/A,N/A,0,0,"NYSE","","","Common Stock",15.15000000,15.15000000
20191209,15.15000000,15.75000000,15.14000000,15.32000000,582,8916,N/A,N/A,0,0,"NYSE","","","Common Stock",15.32000000,15.32000000
20191210,15.20000000,15.75000000,14.81000000,15.75000000,689,10852,N/A,N/A,0,0,"NYSE","","","Common Stock",15.75000000,15.75000000
20191211,15.43000000,15.69000000,15.27000000,15.43000000,736,11356,N/A,N/A,0,0,"NYSE","","","Common Stock",15.43000000,15.43000000
20191212,15.50000000,16.20000000,15.50000000,15.61000000,1600,24976,N/A,N/A,0,0,"NYSE","","","Common Stock",15.61000000,15.61000000
20191213,15.73000000,16.10300000,15.73000000,16.02000000,555,8891,N/A,N/A,0,0,"NYSE","","","Common Stock",16.02000000,16.02000000
20191216,16.00000000,16.18000000,15.79000000,16.14000000,1291,20837,N/A,N/A,0,0,"NYSE","","","Common Stock",16.14000000,16.14000000
20191217,16.09000000,16.39000000,15.93000000,16.39000000,1459,23913,N/A,N/A,0,0,"NYSE","","","Common Stock",16.39000000,16.39000000
20191218,16.42000000,16.47000000,16.00300000,16.26000000,1235,20081,N/A,N/A,0,0,"NYSE","","","Common Stock",16.26000000,16.26000000
20191219,16.05000000,16.44000000,16.05000000,16.26000000,992,16130,N/A,N/A,0,0,"NYSE","","","Common Stock",16.26000000,16.26000000
20191220,16.45000000,16.45000000,15.72000000,15.91000000,5207,82843,N/A,N/A,0,0,"NYSE","","","Common Stock",15.91000000,15.91000000
20191223,15.97000000,16.15000000,15.33000000,15.67000000,856,13414,N/A,N/A,0,0,"NYSE","","","Common Stock",15.67000000,15.67000000
20191224,15.74000000,15.98000000,15.65000000,15.82000000,137,2167,N/A,N/A,0,0,"NYSE","","","Common Stock",15.82000000,15.82000000
20191225,15.74000000,15.98000000,15.65000000,15.82000000,0,0,N/A,N/A,0,0,"NYSE","","","Common Stock",15.82000000,15.82000000
20191226,15.81000000,15.83000000,15.39000000,15.55000000,342,5318,N/A,N/A,0,0,"NYSE","","","Common Stock",15.55000000,15.55000000
20191227,15.65000000,15.65000000,15.44000000,15.57000000,278,4328,N/A,N/A,0,0,"NYSE","","","Common Stock",15.57000000,15.57000000
20191230,15.61000000,16.01000000,15.50000000,15.95000000,236,3764,N/A,N/A,0,0,"NYSE","","","Common Stock",15.95000000,15.95000000
20191231,16.00000000,16.05000000,15.58000000,15.91000000,639,10166,N/A,N/A,0,0,"NYSE","","","Common Stock",15.91000000,15.91000000
20200101,16.00000000,16.05000000,15.58000000,15.91000000,0,0,N/A,N/A,0,0,"NYSE","","","Common Stock",15.91000000,15.91000000
20200102,16.05000000,16.05000000,15.67500000,15.93000000,608,9685,N/A,N/A,0,0,"NYSE","","","Common Stock",15.93000000,15.93000000
20200103,15.75000000,15.96000000,15.73000000,15.93000000,233,3712,N/A,N/A,0,0,"NYSE","","","Common Stock",15.93000000,15.93000000
20200106,15.80000000,16.03000000,15.76600000,15.94000000,396,6312,N/A,N/A,0,0,"NYSE","","","Common Stock",15.94000000,15.94000000
20200107,15.80000000,16.30000000,15.80000000,16.29000000,826,13456,N/A,N/A,0,0,"NYSE","","","Common Stock",16.29000000,16.29000000
20200108,16.29000000,16.50000000,16.29000000,16.43000000,501,8231,N/A,N/A,0,0,"NYSE","","","Common Stock",16.43000000,16.43000000
20200109,16.40000000,16.47000000,15.92000000,16.08000000,643,10339,N/A,N/A,0,0,"NYSE","","","Common Stock",16.08000000,16.08000000
20200110,16.09000000,16.26000000,15.80000000,15.88000000,406,6447,N/A,N/A,0,0,"NYSE","","","Common Stock",15.88000000,15.88000000
20200113,15.82000000,15.83000000,15.27000000,15.37000000,732,11251,N/A,N/A,0,0,"NYSE","","","Common Stock",15.37000000,15.37000000
20200114,15.30000000,15.74000000,15.25000000,15.71000000,719,11295,N/A,N/A,0,0,"NYSE","","","Common Stock",15.71000000,15.71000000
20200115,15.68000000,15.98000000,15.63000000,15.75000000,521,8206,N/A,N/A,0,0,"NYSE","","","Common Stock",15.75000000,15.75000000
20200116,15.75000000,15.90000000,15.68000000,15.77000000,377,5945,N/A,N/A,0,0,"NYSE","","","Common Stock",15.77000000,15.77000000
20200117,15.81000000,15.81500000,15.53000000,15.58000000,315,4908,N/A,N/A,0,0,"NYSE","","","Common Stock",15.58000000,15.58000000
20200120,15.81000000,15.81500000,15.53000000,15.58000000,0,0,N/A,N/A,0,0,"NYSE","","","Common Stock",15.58000000,15.58000000
20200121,15.51000000,15.87000000,15.25300000,15.76000000,529,8337,N/A,N/A,0,0,"NYSE","","","Common Stock",15.76000000,15.76000000
20200122,15.83000000,15.83000000,15.51000000,15.65000000,210,3287,N/A,N/A,0,0,"NYSE","","","Common Stock",15.65000000,15.65000000
20200123,15.66000000,15.70000000,15.01000000,15.56000000,755,11748,N/A,N/A,0,0,"NYSE","","","Common Stock",15.56000000,15.56000000
20200124,15.45000000,15.56000000,15.00000000,15.36000000,694,10660,N/A,N/A,0,0,"NYSE","","","Common Stock",15.36000000,15.36000000
20200127,15.22000000,15.33000000,14.37000000,14.61000000,881,12871,N/A,N/A,0,0,"NYSE","","","Common Stock",14.61000000,14.61000000
20200128,14.50000000,15.01000000,14.44700000,14.86000000,290,4309,N/A,N/A,0,0,"NYSE","","","Common Stock",14.86000000,14.86000000
20200129,15.20000000,15.20000000,14.37000000,14.89000000,544,8100,N/A,N/A,0,0,"NYSE","","","Common Stock",14.89000000,14.89000000
20200130,14.74000000,14.94000000,14.16000000,14.89000000,582,8666,N/A,N/A,0,0,"NYSE","","","Common Stock",14.89000000,14.89000000
20200131,14.83000000,15.78000000,14.50000000,15.78000000,1489,23496,N/A,N/A,0,0,"NYSE","","","Common Stock",15.78000000,15.78000000
20200203,15.66000000,15.80000000,14.81000000,14.93000000,1925,28740,N/A,N/A,0,0,"NYSE","","","Common Stock",14.93000000,14.93000000
20200204,15.30000000,16.00000000,15.25000000,15.90000000,1090,17331,N/A,N/A,0,0,"NYSE","","","Common Stock",15.90000000,15.90000000
20200205,16.04000000,16.15000000,15.86000000,15.99000000,808,12920,N/A,N/A,0,0,"NYSE","","","Common Stock",15.99000000,15.99000000
20200206,16.15000000,16.31000000,16.06000000,16.15000000,981,15843,N/A,N/A,0,0,"NYSE","","","Common Stock",16.15000000,16.15000000
20200207,16.19000000,16.35000000,16.17100000,16.25000000,592,9620,N/A,N/A,0,0,"NYSE","","","Common Stock",16.25000000,16.25000000
20200210,16.35000000,16.50000000,16.14000000,16.15000000,496,8010,N/A,N/A,0,0,"NYSE","","","Common Stock",16.15000000,16.15000000
20200211,16.20000000,16.24000000,16.01100000,16.19000000,607,9827,N/A,N/A,0,0,"NYSE","","","Common Stock",16.19000000,16.19000000
20200212,16.28000000,16.50000000,16.05000000,16.25000000,432,7020,N/A,N/A,0,0,"NYSE","","","Common Stock",16.25000000,16.25000000
20200213,16.35000000,16.35000000,16.26000000,16.31000000,427,6964,N/A,N/A,0,0,"NYSE","","","Common Stock",16.31000000,16.31000000
20200214,16.49000000,16.49000000,16.25000000,16.31000000,649,10585,N/A,N/A,0,0,"NYSE","","","Common Stock",16.31000000,16.31000000
20200217,16.49000000,16.49000000,16.25000000,16.31000000,0,0,N/A,N/A,0,0,"NYSE","","","Common Stock",16.31000000,16.31000000
20200218,16.52000000,16.62900000,16.35000000,16.39000000,931,15259,N/A,N/A,0,0,"NYSE","","","Common Stock",16.39000000,16.39000000
20200219,16.50000000,16.78000000,16.45000000,16.65000000,785,13070,N/A,N/A,0,0,"NYSE","","","Common Stock",16.65000000,16.65000000
20200220,16.75000000,16.75000000,16.45000000,16.52000000,671,11085,N/A,N/A,0,0,"NYSE","","","Common Stock",16.52000000,16.52000000
20200221,16.48000000,16.75000000,16.44000000,16.60000000,490,8134,N/A,N/A,0,0,"NYSE","","","Common Stock",16.60000000,16.60000000
20200224,16.57000000,16.60000000,16.00000000,16.40000000,836,13710,N/A,N/A,0,0,"NYSE","","","Common Stock",16.40000000,16.40000000
20200225,16.50000000,16.50000000,16.07000000,16.28000000,644,10484,N/A,N/A,0,0,"NYSE","","","Common Stock",16.28000000,16.28000000
20200226,16.14000000,16.30000000,16.02000000,16.25000000,446,7248,N/A,N/A,0,0,"NYSE","","","Common Stock",16.25000000,16.25000000
20200227,16.10000000,16.20000000,15.81000000,15.99000000,577,9226,N/A,N/A,0,0,"NYSE","","","Common Stock",15.99000000,15.99000000
20200228,15.66000000,15.71000000,14.66000000,14.74000000,1001,14755,N/A,N/A,0,0,"NYSE","","","Common Stock",14.74000000,14.74000000
20200302,15.00000000,16.06000000,15.00000000,15.53000000,1544,23978,N/A,N/A,0,0,"NYSE","","","Common Stock",15.53000000,15.53000000
20200303,15.80000000,15.80000000,15.14000000,15.24000000,1348,20544,N/A,N/A,0,0,"NYSE","","","Common Stock",15.24000000,15.24000000
20200304,15.44000000,15.44000000,15.10000000,15.35000000,679,10423,N/A,N/A,0,0,"NYSE","","","Common Stock",15.35000000,15.35000000
20200305,15.37000000,15.37000000,14.80000000,15.07000000,585,8816,N/A,N/A,0,0,"NYSE","","","Common Stock",15.07000000,15.07000000
20200306,14.90000000,14.95400000,14.42000000,14.66000000,748,10966,N/A,N/A,0,0,"NYSE","","","Common Stock",14.66000000,14.66000000
20200309,13.35000000,13.42500000,12.00000000,12.74000000,1646,20970,N/A,N/A,0,0,"NYSE","","","Common Stock",12.74000000,12.74000000
20200310,13.17000000,13.35000000,12.82000000,12.87000000,949,12214,N/A,N/A,0,0,"NYSE","","","Common Stock",12.87000000,12.87000000
20200311,12.50000000,12.50000000,11.00000000,11.14000000,684,7620,N/A,N/A,0,0,"NYSE","","","Common Stock",11.14000000,11.14000000
20200312,8.25000000,9.99000000,7.60000000,7.63000000,2094,15977,N/A,N/A,0,0,"NYSE","","","Common Stock",7.63000000,7.63000000
20200313,8.20000000,10.00000000,8.20000000,9.92000000,1952,19364,N/A,N/A,0,0,"NYSE","","","Common Stock",9.92000000,9.92000000
20200316,8.90000000,9.95300000,8.51000000,9.60000000,872,8371,N/A,N/A,0,0,"NYSE","","","Common Stock",9.60000000,9.60000000
20200317,9.87000000,10.21000000,9.59600000,9.97000000,620,6181,N/A,N/A,0,0,"NYSE","","","Common Stock",9.97000000,9.97000000
20200318,9.90000000,9.90000000,8.54500000,8.93000000,671,5992,N/A,N/A,0,0,"NYSE","","","Common Stock",8.93000000,8.93000000
20200319,8.85000000,9.28000000,8.80600000,9.13000000,594,5423,N/A,N/A,0,0,"NYSE","","","Common Stock",9.13000000,9.13000000
20200320,8.93000000,9.89000000,8.78600000,9.71000000,1060,10293,N/A,N/A,0,0,"NYSE","","","Common Stock",9.71000000,9.71000000
20200323,9.08000000,9.30000000,8.51000000,8.74000000,720,6293,N/A,N/A,0,0,"NYSE","","","Common Stock",8.74000000,8.74000000
20200324,8.81000000,9.48000000,8.76000000,9.10000000,370,3367,N/A,N/A,0,0,"NYSE","","","Common Stock",9.10000000,9.10000000
20200325,9.00000000,9.90000000,8.96000000,9.64000000,379,3654,N/A,N/A,0,0,"NYSE","","","Common Stock",9.64000000,9.64000000
20200326,9.73000000,10.30000000,9.59000000,10.01000000,563,5636,N/A,N/A,0,0,"NYSE","","","Common Stock",10.01000000,10.01000000
20200327,9.94000000,9.94000000,8.84000000,8.86000000,298,2640,N/A,N/A,0,0,"NYSE","","","Common Stock",8.86000000,8.86000000
20200330,8.83000000,9.97000000,8.80000000,9.73000000,335,3260,N/A,N/A,0,0,"NYSE","","","Common Stock",9.73000000,9.73000000
20200331,9.84000000,10.00000000,9.00000000,9.54000000,398,3797,N/A,N/A,0,0,"NYSE","","","Common Stock",9.54000000,9.54000000
20200401,9.22000000,9.22000000,8.58000000,8.58000000,302,2591,N/A,N/A,0,0,"NYSE","","","Common Stock",8.58000000,8.58000000
20200402,8.56000000,9.01500000,8.51000000,8.57000000,185,1585,N/A,N/A,0,0,"NYSE","","","Common Stock",8.57000000,8.57000000
20200403,8.50000000,8.56000000,8.11000000,8.25000000,309,2549,N/A,N/A,0,0,"NYSE","","","Common Stock",8.25000000,8.25000000
20200406,8.50000000,9.00000000,8.47000000,9.00000000,404,3636,N/A,N/A,0,0,"NYSE","","","Common Stock",9.00000000,9.00000000
20200407,9.50000000,9.84300000,8.62000000,8.73000000,298,2602,N/A,N/A,0,0,"NYSE","","","Common Stock",8.73000000,8.73000000
20200408,8.61000000,9.34000000,8.61000000,9.34000000,361,3372,N/A,N/A,0,0,"NYSE","","","Common Stock",9.34000000,9.34000000
20200409,9.87000000,11.95000000,9.67000000,11.30000000,1482,16747,N/A,N/A,0,0,"NYSE","","","Common Stock",11.30000000,11.30000000
20200410,9.87000000,11.95000000,9.67000000,11.30000000,0,0,N/A,N/A,0,0,"NYSE","","","Common Stock",11.30000000,11.30000000
20200413,11.30000000,11.30000000,10.10000000,10.40000000,507,5273,N/A,N/A,0,0,"NYSE","","","Common Stock",10.40000000,10.40000000
20200414,10.50000000,11.00000000,10.20300000,10.32000000,343,3540,N/A,N/A,0,0,"NYSE","","","Common Stock",10.32000000,10.32000000
20200415,10.25000000,10.25000000,9.50000000,9.59000000,346,3318,N/A,N/A,0,0,"NYSE","","","Common Stock",9.59000000,9.59000000
20200416,10.00000000,10.07000000,9.60600000,10.00000000,684,6840,N/A,N/A,0,0,"NYSE","","","Common Stock",10.00000000,10.00000000
20200417,11.00000000,14.44200000,11.00000000,13.72000000,5530,75872,N/A,N/A,0,0,"NYSE","","","Common Stock",13.72000000,13.72000000
20200420,14.00000000,14.88000000,13.51800000,13.82000000,1300,17966,N/A,N/A,0,0,"NYSE","","","Common Stock",13.82000000,13.82000000
20200421,13.90000000,13.90900000,12.60000000,13.02000000,1124,14634,N/A,N/A,0,0,"NYSE","","","Common Stock",13.02000000,13.02000000
20200422,13.12000000,13.47000000,12.80000000,13.11000000,468,6135,N/A,N/A,0,0,"NYSE","","","Common Stock",13.11000000,13.11000000
20200423,13.48000000,13.90000000,13.00000000,13.29000000,437,5808,N/A,N/A,0,0,"NYSE","","","Common Stock",13.29000000,13.29000000
20200424,13.69000000,13.70000000,13.17000000,13.50000000,295,3983,N/A,N/A,0,0,"NYSE","","","Common Stock",13.50000000,13.50000000
20200427,13.91000000,14.35000000,13.78000000,14.03000000,629,8825,N/A,N/A,0,0,"NYSE","","","Common Stock",14.03000000,14.03000000
20200428,14.31000000,14.61000000,13.80000000,14.26000000,554,7900,N/A,N/A,0,0,"NYSE","","","Common Stock",14.26000000,14.26000000
20200429,14.81000000,16.40000000,14.50000000,15.76000000,1047,16501,N/A,N/A,0,0,"NYSE","","","Common Stock",15.76000000,15.76000000
20200430,16.35000000,16.35000000,15.01400000,15.90000000,892,14183,N/A,N/A,0,0,"NYSE","","","Common Stock",15.90000000,15.90000000
20200501,15.85000000,15.85000000,15.05000000,15.23000000,553,8422,N/A,N/A,0,0,"NYSE","","","Common Stock",15.23000000,15.23000000
20200504,15.25000000,15.25000000,14.16000000,14.36000000,576,8271,N/A,N/A,0,0,"NYSE","","","Common Stock",14.36000000,14.36000000
20200505,14.79000000,15.49000000,14.20000000,14.57000000,948,13812,N/A,N/A,0,0,"NYSE","","","Common Stock",14.57000000,14.57000000
20200506,14.99000000,14.99000000,13.27000000,13.40000000,1149,15397,N/A,N/A,0,0,"NYSE","","","Common Stock",13.40000000,13.40000000
20200507,13.50000000,14.04000000,13.25000000,13.38000000,1873,25061,N/A,N/A,0,0,"NYSE","","","Common Stock",13.38000000,13.38000000
20200508,13.90000000,14.22400000,13.50000000,14.00000000,1816,25424,N/A,N/A,0,0,"NYSE","","","Common Stock",14.00000000,14.00000000
20200511,14.33000000,14.33000000,13.50000000,13.73000000,1026,14087,N/A,N/A,0,0,"NYSE","","","Common Stock",13.73000000,13.73000000
20200512,13.73000000,15.98000000,13.30000000,14.83000000,5193,77012,N/A,N/A,0,0,"NYSE","","","Common Stock",14.83000000,14.83000000
20200513,15.23000000,15.53000000,14.00000000,14.21000000,2983,42388,N/A,N/A,0,0,"NYSE","","","Common Stock",14.21000000,14.21000000
20200514,14.46000000,14.73000000,13.69000000,14.44000000,1588,22931,N/A,N/A,0,0,"NYSE","","","Common Stock",14.44000000,14.44000000
20200515,14.57000000,14.70000000,14.00000000,14.25000000,1750,24938,N/A,N/A,0,0,"NYSE","","","Common Stock",14.25000000,14.25000000
20200518,14.87000000,15.43000000,14.35000000,14.59000000,1877,27385,N/A,N/A,0,0,"NYSE","","","Common Stock",14.59000000,14.59000000
20200519,14.88000000,15.07000000,14.50000000,14.56000000,1308,19044,N/A,N/A,0,0,"NYSE","","","Common Stock",14.56000000,14.56000000
20200520,14.91000000,15.46000000,14.79000000,14.87000000,1397,20773,N/A,N/A,0,0,"NYSE","","","Common Stock",14.87000000,14.87000000
20200521,15.09000000,15.26000000,14.64000000,14.79000000,1024,15145,N/A,N/A,0,0,"NYSE","","","Common Stock",14.79000000,14.79000000
20200522,15.03000000,15.18000000,14.72000000,15.06000000,1365,20557,N/A,N/A,0,0,"NYSE","","","Common Stock",15.06000000,15.06000000
20200525,15.03000000,15.18000000,14.72000000,15.06000000,0,0,N/A,N/A,0,0,"NYSE","","","Common Stock",15.06000000,15.06000000
20200526,15.50000000,15.50000000,14.66000000,14.80000000,1341,19847,N/A,N/A,0,0,"NYSE","","","Common Stock",14.80000000,14.80000000
20200527,15.20000000,15.20000000,14.50000000,14.73000000,773,11386,N/A,N/A,0,0,"NYSE","","","Common Stock",14.73000000,14.73000000
20200528,14.75000000,14.92000000,14.43000000,14.52000000,1202,17453,N/A,N/A,0,0,"NYSE","","","Common Stock",14.52000000,14.52000000
20200529,14.64000000,14.78500000,14.26400000,14.59000000,1401,20441,N/A,N/A,0,0,"NYSE","","","Common Stock",14.59000000,14.59000000
20200601,14.69000000,14.83300000,13.75000000,13.87000000,863,11970,N/A,N/A,0,0,"NYSE","","","Common Stock",13.87000000,13.87000000
20200602,14.00000000,14.80000000,13.99000000,14.66000000,1342,19674,N/A,N/A,0,0,"NYSE","","","Common Stock",14.66000000,14.66000000
20200603,14.93000000,15.00000000,14.50000000,14.66000000,1218,17856,N/A,N/A,0,0,"NYSE","","","Common Stock",14.66000000,14.66000000
20200604,14.65000000,15.00000000,14.55000000,14.75000000,1418,20916,N/A,N/A,0,0,"NYSE","","","Common Stock",14.75000000,14.75000000
20200605,14.86000000,14.95000000,14.52000000,14.94000000,2052,30657,N/A,N/A,0,0,"NYSE","","","Common Stock",14.94000000,14.94000000
20200608,15.00000000,15.10000000,14.56000000,14.82000000,2678,39688,N/A,N/A,0,0,"NYSE","","","Common Stock",14.82000000,14.82000000
20200609,14.81000000,14.95000000,14.14700000,14.85000000,1523,22617,N/A,N/A,0,0,"NYSE","","","Common Stock",14.85000000,14.85000000
20200610,15.05000000,15.05000000,14.26000000,14.39000000,1157,16649,N/A,N/A,0,0,"NYSE","","","Common Stock",14.39000000,14.39000000
20200611,14.00000000,14.35000000,13.51000000,13.66000000,1270,17348,N/A,N/A,0,0,"NYSE","","","Common Stock",13.66000000,13.66000000
20200612,14.05000000,14.74000000,13.55000000,13.92000000,1240,17261,N/A,N/A,0,0,"NYSE","","","Common Stock",13.92000000,13.92000000
20200615,13.56000000,14.70000000,13.44500000,14.34000000,1427,20463,N/A,N/A,0,0,"NYSE","","","Common Stock",14.34000000,14.34000000
20200616,14.89000000,14.90000000,14.20000000,14.74000000,1342,19781,N/A,N/A,0,0,"NYSE","","","Common Stock",14.74000000,14.74000000
20200617,14.89000000,14.89000000,14.44500000,14.71000000,1283,18873,N/A,N/A,0,0,"NYSE","","","Common Stock",14.71000000,14.71000000
20200618,14.59000000,14.86000000,14.44000000,14.80000000,1641,24287,N/A,N/A,0,0,"NYSE","","","Common Stock",14.80000000,14.80000000
20200619,14.80000000,14.82000000,14.60500000,14.69000000,1363,20022,N/A,N/A,0,0,"NYSE","","","Common Stock",14.69000000,14.69000000
20200622,14.75000000,14.83000000,14.59000000,14.76000000,1558,22996,N/A,N/A,0,0,"NYSE","","","Common Stock",14.76000000,14.76000000
20200623,14.89000000,14.89000000,14.59000000,14.75000000,1800,26550,N/A,N/A,0,0,"NYSE","","","Common Stock",14.75000000,14.75000000
20200624,14.49000000,14.50500000,13.65000000,14.17000000,1502,21283,N/A,N/A,0,0,"NYSE","","","Common Stock",14.17000000,14.17000000
20200625,14.09000000,14.81000000,13.97000000,14.46000000,1241,17945,N/A,N/A,0,0,"NYSE","","","Common Stock",14.46000000,14.46000000
20200626,14.18000000,14.21000000,13.12000000,13.25000000,13232,175324,N/A,N/A,0,0,"NYSE","","","Common Stock",13.25000000,13.25000000
20200629,13.32000000,14.00000000,13.16500000,13.80000000,1105,15249,N/A,N/A,0,0,"NYSE","","","Common Stock",13.80000000,13.80000000
20200630,13.93000000,14.10100000,13.80000000,14.00000000,1412,19768,N/A,N/A,0,0,"NYSE","","","Common Stock",14.00000000,14.00000000
20200701,14.01000000,14.07000000,13.53000000,13.59000000,854,11606,N/A,N/A,0,0,"NYSE","","","Common Stock",13.59000000,13.59000000
20200702,13.90000000,14.05000000,13.32000000,13.50000000,1004,13554,N/A,N/A,0,0,"NYSE","","","Common Stock",13.50000000,13.50000000
20200703,13.90000000,14.05000000,13.32000000,13.50000000,0,0,N/A,N/A,0,0,"NYSE","","","Common Stock",13.50000000,13.50000000
20200706,13.69000000,13.94000000,13.15000000,13.35000000,750,10012,N/A,N/A,0,0,"NYSE","","","Common Stock",13.35000000,13.35000000
20200707,13.18000000,13.30000000,12.84000000,12.89000000,868,11189,N/A,N/A,0,0,"NYSE","","","Common Stock",12.89000000,12.89000000
20200708,12.81000000,13.12000000,12.56000000,13.00000000,814,10582,N/A,N/A,0,0,"NYSE","","","Common Stock",13.00000000,13.00000000
20200709,12.95000000,12.95000000,12.05000000,12.36000000,896,11075,N/A,N/A,0,0,"NYSE","","","Common Stock",12.36000000,12.36000000
20200710,12.35000000,13.40000000,12.35000000,13.16000000,628,8264,N/A,N/A,0,0,"NYSE","","","Common Stock",13.16000000,13.16000000
20200713,13.43000000,13.63000000,13.11500000,13.30000000,967,12861,N/A,N/A,0,0,"NYSE","","","Common Stock",13.30000000,13.30000000
20200714,13.30000000,13.49000000,13.01000000,13.33000000,531,7078,N/A,N/A,0,0,"NYSE","","","Common Stock",13.33000000,13.33000000
20200715,13.70000000,14.03000000,13.52000000,13.94000000,969,13508,N/A,N/A,0,0,"NYSE","","","Common Stock",13.94000000,13.94000000
20200716,13.82000000,13.89000000,13.41000000,13.79000000,706,9736,N/A,N/A,0,0,"NYSE","","","Common Stock",13.79000000,13.79000000
20200717,13.57000000,13.61900000,13.19700000,13.43000000,553,7427,N/A,N/A,0,0,"NYSE","","","Common Stock",13.43000000,13.43000000
20200720,13.43000000,13.43000000,13.13000000,13.33000000,494,6585,N/A,N/A,0,0,"NYSE","","","Common Stock",13.33000000,13.33000000
20200721,13.44000000,14.01000000,13.43800000,13.83000000,961,13291,N/A,N/A,0,0,"NYSE","","","Common Stock",13.83000000,13.83000000
20200722,13.76000000,13.83000000,13.18000000,13.79000000,802,11060,N/A,N/A,0,0,"NYSE","","","Common Stock",13.79000000,13.79000000
20200723,13.63000000,14.05000000,13.60000000,14.00000000,916,12824,N/A,N/A,0,0,"NYSE","","","Common Stock",14.00000000,14.00000000
20200724,14.04000000,14.04000000,13.90000000,13.90000000,431,5991,N/A,N/A,0,0,"NYSE","","","Common Stock",13.90000000,13.90000000
20200727,14.23000000,14.72000000,14.01000000,14.15000000,2585,36578,N/A,N/A,0,0,"NYSE","","","Common Stock",14.15000000,14.15000000
20200728,14.34000000,14.64000000,14.00000000,14.11000000,8297,117071,N/A,N/A,0,0,"NYSE","","","Common Stock",14.11000000,14.11000000
20200729,14.30000000,14.49000000,14.03000000,14.44000000,2114,30526,N/A,N/A,0,0,"NYSE","","","Common Stock",14.44000000,14.44000000
20200730,14.16000000,14.42000000,14.15000000,14.34000000,1332,19101,N/A,N/A,0,0,"NYSE","","","Common Stock",14.34000000,14.34000000
20200731,14.15000000,14.32000000,13.60000000,13.67000000,3654,49950,N/A,N/A,0,0,"NYSE","","","Common Stock",13.67000000,13.67000000
20200803,14.02000000,14.07700000,13.81000000,13.95000000,1095,15275,N/A,N/A,0,0,"NYSE","","","Common Stock",13.95000000,13.95000000
20200804,14.06000000,14.07000000,13.56900000,13.81000000,658,9087,N/A,N/A,0,0,"NYSE","","","Common Stock",13.81000000,13.81000000
20200805,14.00000000,14.19000000,13.82900000,14.09000000,2188,30829,N/A,N/A,0,0,"NYSE","","","Common Stock",14.09000000,14.09000000
20200806,14.10000000,14.55000000,14.07000000,14.15000000,2583,36549,N/A,N/A,0,0,"NYSE","","","Common Stock",14.15000000,14.15000000
20200807,14.15000000,14.70000000,14.06000000,14.58000000,1460,21287,N/A,N/A,0,0,"NYSE","","","Common Stock",14.58000000,14.58000000
20200810,14.74000000,14.77700000,13.96000000,14.07000000,1428,20092,N/A,N/A,0,0,"NYSE","","","Common Stock",14.07000000,14.07000000
20200811,14.36000000,14.79000000,14.26000000,14.30000000,881,12598,N/A,N/A,0,0,"NYSE","","","Common Stock",14.30000000,14.30000000
20200812,14.57000000,14.85000000,14.46500000,14.72000000,1240,18253,N/A,N/A,0,0,"NYSE","","","Common Stock",14.72000000,14.72000000
20200813,14.72000000,14.84000000,14.32000000,14.56000000,962,14007,N/A,N/A,0,0,"NYSE","","","Common Stock",14.56000000,14.56000000
20200814,14.66000000,15.05000000,14.48800000,14.85000000,1100,16335,N/A,N/A,0,0,"NYSE","","","Common Stock",14.85000000,14.85000000
20200817,14.85000000,15.05000000,14.71000000,14.99000000,1674,25093,N/A,N/A,0,0,"NYSE","","","Common Stock",14.99000000,14.99000000
20200818,15.05000000,15.05000000,14.55000000,14.71000000,767,11283,N/A,N/A,0,0,"NYSE","","","Common Stock",14.71000000,14.71000000
20200819,14.80000000,15.17000000,14.72000000,15.01000000,2452,36805,N/A,N/A,0,0,"NYSE","","","Common Stock",15.01000000,15.01000000
20200820,14.78000000,15.05000000,14.59000000,14.98000000,1258,18845,N/A,N/A,0,0,"NYSE","","","Common Stock",14.98000000,14.98000000
20200821,14.94000000,14.96000000,14.29000000,14.78000000,1284,18978,N/A,N/A,0,0,"NYSE","","","Common Stock",14.78000000,14.78000000
20200824,14.81000000,14.92000000,14.53000000,14.87000000,805,11970,N/A,N/A,0,0,"NYSE","","","Common Stock",14.87000000,14.87000000
20200825,14.99000000,15.05000000,14.86000000,14.98000000,1833,27458,N/A,N/A,0,0,"NYSE","","","Common Stock",14.98000000,14.98000000
20200826,15.04000000,15.04000000,14.76000000,14.99000000,1147,17194,N/A,N/A,0,0,"NYSE","","","Common Stock",14.99000000,14.99000000
20200827,15.02000000,15.36000000,14.81000000,15.33000000,1501,23010,N/A,N/A,0,0,"NYSE","","","Common Stock",15.33000000,15.33000000
20200828,15.48000000,15.50000000,14.70000000,14.98000000,1773,26560,N/A,N/A,0,0,"NYSE","","","Common Stock",14.98000000,14.98000000
20200831,15.00000000,15.34000000,14.82000000,14.93000000,2099,31338,N/A,N/A,0,0,"NYSE","","","Common Stock",14.93000000,14.93000000
20200901,14.93000000,15.50000000,14.85000000,15.46000000,1171,18104,N/A,N/A,0,0,"NYSE","","","Common Stock",15.46000000,15.46000000
20200902,15.49000000,15.59000000,14.93500000,15.05000000,1007,15155,N/A,N/A,0,0,"NYSE","","","Common Stock",15.05000000,15.05000000
20200903,15.13000000,15.58000000,14.63000000,14.72000000,1070,15750,N/A,N/A,0,0,"NYSE","","","Common Stock",14.72000000,14.72000000
20200904,15.06000000,15.06000000,14.20000000,14.43000000,912,13160,N/A,N/A,0,0,"NYSE","","","Common Stock",14.43000000,14.43000000
20200907,15.06000000,15.06000000,14.20000000,14.43000000,0,0,N/A,N/A,0,0,"NYSE","","","Common Stock",14.43000000,14.43000000
20200908,14.55000000,14.67600000,14.29000000,14.36000000,1182,16974,N/A,N/A,0,0,"NYSE","","","Common Stock",14.36000000,14.36000000
20200909,14.43000000,14.97000000,14.41900000,14.62000000,904,13216,N/A,N/A,0,0,"NYSE","","","Common Stock",14.62000000,14.62000000
20200910,14.79000000,14.79000000,14.26000000,14.56000000,730,10629,N/A,N/A,0,0,"NYSE","","","Common Stock",14.56000000,14.56000000
20200911,14.51000000,15.23000000,14.47000000,14.98000000,1649,24702,N/A,N/A,0,0,"NYSE","","","Common Stock",14.98000000,14.98000000
20200914,15.08000000,15.95000000,15.08000000,15.92000000,1649,26252,N/A,N/A,0,0,"NYSE","","","Common Stock",15.92000000,15.92000000
20200915,16.05000000,16.67000000,15.10000000,15.95000000,3659,58361,N/A,N/A,0,0,"NYSE","","","Common Stock",15.95000000,15.95000000
20200916,16.14000000,16.17000000,15.33000000,15.90000000,2314,36793,N/A,N/A,0,0,"NYSE","","","Common Stock",15.90000000,15.90000000
20200917,15.63000000,16.11000000,15.48600000,15.98000000,1537,24561,N/A,N/A,0,0,"NYSE","","","Common Stock",15.98000000,15.98000000
20200918,16.14000000,16.44000000,15.93000000,15.98000000,4322,69066,N/A,N/A,0,0,"NYSE","","","Common Stock",15.98000000,15.98000000
20200921,15.72000000,15.81900000,14.37000000,14.52000000,1432,20793,N/A,N/A,0,0,"NYSE","","","Common Stock",14.52000000,14.52000000
20200922,14.52000000,14.94000000,14.21000000,14.28000000,756,10796,N/A,N/A,0,0,"NYSE","","","Common Stock",14.28000000,14.28000000
20200923,14.27000000,14.40000000,13.69000000,13.69000000,1130,15470,N/A,N/A,0,0,"NYSE","","","Common Stock",13.69000000,13.69000000
20200924,13.56000000,14.25000000,13.50000000,13.73000000,1370,18810,N/A,N/A,0,0,"NYSE","","","Common Stock",13.73000000,13.73000000
20200925,13.75000000,13.93000000,13.56000000,13.75000000,476,6545,N/A,N/A,0,0,"NYSE","","","Common Stock",13.75000000,13.75000000
20200928,13.88000000,14.47000000,13.88000000,14.37000000,681,9786,N/A,N/A,0,0,"NYSE","","","Common Stock",14.37000000,14.37000000
20200929,14.33000000,14.33000000,13.91000000,14.20000000,415,5893,N/A,N/A,0,0,"NYSE","","","Common Stock",14.20000000,14.20000000
20200930,14.20000000,14.48000000,14.14500000,14.40000000,517,7445,N/A,N/A,0,0,"NYSE","","","Common Stock",14.40000000,14.40000000
20201001,14.37000000,14.80000000,14.17000000,14.60000000,773,11286,N/A,N/A,0,0,"NYSE","","","Common Stock",14.60000000,14.60000000
20201002,14.25000000,14.96000000,14.24300000,14.66000000,886,12989,N/A,N/A,0,0,"NYSE","","","Common Stock",14.66000000,14.66000000
20201005,14.87000000,14.97000000,14.58000000,14.73000000,1419,20902,N/A,N/A,0,0,"NYSE","","","Common Stock",14.73000000,14.73000000
20201006,14.80000000,15.84000000,14.66000000,15.09000000,1414,21337,N/A,N/A,0,0,"NYSE","","","Common Stock",15.09000000,15.09000000
20201007,15.24000000,15.68000000,15.11000000,15.35000000,787,12080,N/A,N/A,0,0,"NYSE","","","Common Stock",15.35000000,15.35000000
20201008,15.52000000,15.87000000,15.28500000,15.75000000,490,7718,N/A,N/A,0,0,"NYSE","","","Common Stock",15.75000000,15.75000000
20201009,15.40000000,16.00000000,15.40000000,15.49000000,1350,20912,N/A,N/A,0,0,"NYSE","","","Common Stock",15.49000000,15.49000000
20201012,15.59000000,16.15000000,15.50000000,16.14000000,1226,19788,N/A,N/A,0,0,"NYSE","","","Common Stock",16.14000000,16.14000000
20201013,16.18000000,16.50000000,15.82000000,16.19000000,662,10718,N/A,N/A,0,0,"NYSE","","","Common Stock",16.19000000,16.19000000
20201014,16.50000000,16.65000000,15.74000000,15.75000000,552,8694,N/A,N/A,0,0,"NYSE","","","Common Stock",15.75000000,15.75000000
20201015,15.55000000,16.41000000,15.52100000,16.28000000,858,13968,N/A,N/A,0,0,"NYSE","","","Common Stock",16.28000000,16.28000000
20201016,16.73000000,17.12000000,16.55000000,16.88000000,1347,22737,N/A,N/A,0,0,"NYSE","","","Common Stock",16.88000000,16.88000000
20201019,17.08000000,18.08000000,16.76000000,17.68000000,2505,44288,N/A,N/A,0,0,"NYSE","","","Common Stock",17.68000000,17.68000000
20201020,17.87000000,18.56000000,17.82000000,18.00000000,2600,46800,N/A,N/A,0,0,"NYSE","","","Common Stock",18.00000000,18.00000000
20201021,18.01000000,19.89000000,17.88000000,19.33000000,2838,54859,N/A,N/A,0,0,"NYSE","","","Common Stock",19.33000000,19.33000000
20201022,19.50000000,20.00000000,19.15000000,19.76000000,2081,41121,N/A,N/A,0,0,"NYSE","","","Common Stock",19.76000000,19.76000000
20201023,20.07000000,20.99000000,19.80000000,20.69000000,2888,59753,N/A,N/A,0,0,"NYSE","","","Common Stock",20.69000000,20.69000000
20201026,21.95000000,23.07000000,20.93000000,22.36000000,7249,162088,N/A,N/A,0,0,"NYSE","","","Common Stock",22.36000000,22.36000000
20201027,22.99000000,23.48000000,22.11000000,23.02000000,5282,121592,N/A,N/A,0,0,"NYSE","","","Common Stock",23.02000000,23.02000000
20201028,22.98000000,22.99000000,22.00000000,22.62000000,2628,59445,N/A,N/A,0,0,"NYSE","","","Common Stock",22.62000000,22.62000000
20201029,22.50000000,22.88000000,21.11300000,22.30000000,1856,41389,N/A,N/A,0,0,"NYSE","","","Common Stock",22.30000000,22.30000000
20201030,22.25000000,22.90900000,22.00500000,22.36000000,4933,110302,N/A,N/A,0,0,"NYSE","","","Common Stock",22.36000000,22.36000000
20201102,22.54000000,23.40000000,22.33000000,22.50000000,2037,45833,N/A,N/A,0,0,"NYSE","","","Common Stock",22.50000000,22.50000000
20201103,23.17000000,23.46000000,22.80500000,23.15000000,1742,40327,N/A,N/A,0,0,"NYSE","","","Common Stock",23.15000000,23.15000000
20201104,23.21000000,24.38000000,22.52000000,24.01000000,3082,73999,N/A,N/A,0,0,"NYSE","","","Common Stock",24.01000000,24.01000000
20201105,25.25000000,27.09000000,24.82000000,26.64000000,5441,144948,N/A,N/A,0,0,"NYSE","","","Common Stock",26.64000000,26.64000000
20201106,26.91000000,27.69000000,25.97000000,27.57000000,4103,113120,N/A,N/A,0,0,"NYSE","","","Common Stock",27.57000000,27.57000000
20201109,28.55000000,29.81000000,25.34000000,25.54000000,3862,98635,N/A,N/A,0,0,"NYSE","","","Common Stock",25.54000000,25.54000000
20201110,25.53000000,26.22000000,24.66000000,25.98000000,2030,52739,N/A,N/A,0,0,"NYSE","","","Common Stock",25.98000000,25.98000000
20201111,26.02000000,27.42000000,25.68000000,27.24000000,1984,54044,N/A,N/A,0,0,"NYSE","","","Common Stock",27.24000000,27.24000000
20201112,27.48000000,28.03000000,26.54000000,27.02000000,1913,51689,N/A,N/A,0,0,"NYSE","","","Common Stock",27.02000000,27.02000000
20201113,27.33000000,28.84000000,27.31000000,28.32000000,2977,84309,N/A,N/A,0,0,"NYSE","","","Common Stock",28.32000000,28.32000000
20201116,28.47000000,29.19000000,28.10000000,28.44000000,2322,66038,N/A,N/A,0,0,"NYSE","","","Common Stock",28.44000000,28.44000000
20201117,28.31000000,29.98000000,27.64000000,29.91000000,3398,101634,N/A,N/A,0,0,"NYSE","","","Common Stock",29.91000000,29.91000000
20201118,30.00000000,31.98000000,28.91000000,29.24000000,5619,164300,N/A,N/A,0,0,"NYSE","","","Common Stock",29.24000000,29.24000000
20201119,30.39000000,31.44000000,30.16000000,30.87000000,4184,129160,N/A,N/A,0,0,"NYSE","","","Common Stock",30.87000000,30.87000000
20201120,30.95000000,31.66000000,30.24000000,30.50000000,3896,118828,N/A,N/A,0,0,"NYSE","","","Common Stock",30.50000000,30.50000000
20201123,31.70000000,34.45000000,31.20000000,34.42000000,6146,211545,N/A,N/A,0,0,"NYSE","","","Common Stock",34.42000000,34.42000000
20201124,36.98000000,38.37000000,34.42000000,35.72000000,6683,238717,N/A,N/A,0,0,"NYSE","","","Common Stock",35.72000000,35.72000000
20201125,36.10000000,36.25000000,33.50000000,34.88000000,4510,157309,N/A,N/A,0,0,"NYSE","","","Common Stock",34.88000000,34.88000000
20201126,36.10000000,36.25000000,33.50000000,34.88000000,0,0,N/A,N/A,0,0,"NYSE","","","Common Stock",34.88000000,34.88000000
20201127,32.92000000,33.70000000,31.13000000,33.07000000,5291,174973,N/A,N/A,0,0,"NYSE","","","Common Stock",33.07000000,33.07000000
20201130,35.99000000,37.90000000,35.25000000,35.59000000,6761,240624,N/A,N/A,0,0,"NYSE","","","Common Stock",35.59000000,35.59000000
20201201,35.72000000,36.77000000,35.11000000,36.03000000,4714,169845,N/A,N/A,0,0,"NYSE","","","Common Stock",36.03000000,36.03000000
20201202,36.72000000,40.43000000,36.50000000,40.08000000,7925,317634,N/A,N/A,0,0,"NYSE","","","Common Stock",40.08000000,40.08000000
20201203,39.63000000,40.88000000,37.79000000,40.41000000,4243,171460,N/A,N/A,0,0,"NYSE","","","Common Stock",40.41000000,40.41000000
20201204,41.26000000,43.97000000,40.54000000,42.37000000,5967,252822,N/A,N/A,0,0,"NYSE","","","Common Stock",42.37000000,42.37000000
20201207,42.55000000,45.63000000,42.55000000,44.53000000,6374,283834,N/A,N/A,0,0,"NYSE","","","Common Stock",44.53000000,44.53000000
20201208,43.39000000,43.39000000,39.08000000,40.83000000,7946,324435,N/A,N/A,0,0,"NYSE","","","Common Stock",40.83000000,40.83000000
20201209,41.51000000,41.58800000,36.30000000,37.21000000,9145,340285,N/A,N/A,0,0,"NYSE","","","Common Stock",37.21000000,37.21000000
20201210,35.40000000,41.25500000,35.00000000,39.58000000,7030,278247,N/A,N/A,0,0,"NYSE","","","Common Stock",39.58000000,39.58000000
20201211,38.84000000,40.51400000,38.63000000,39.49000000,2173,85812,N/A,N/A,0,0,"NYSE","","","Common Stock",39.49000000,39.49000000
20201214,41.56000000,43.98000000,40.00000000,40.59000000,14991,608485,N/A,N/A,0,0,"NYSE","","","Common Stock",40.59000000,40.59000000
20201215,41.00000000,46.00000000,40.50000000,43.60000000,6514,284010,N/A,N/A,0,0,"NYSE","","","Common Stock",43.60000000,43.60000000
20201216,46.66000000,46.66000000,44.00000000,45.47000000,6592,299738,N/A,N/A,0,0,"NYSE","","","Common Stock",45.47000000,45.47000000
20201217,47.05000000,53.70000000,47.00000000,52.94000000,14241,753919,N/A,N/A,0,0,"NYSE","","","Common Stock",52.94000000,52.94000000
20201218,52.41000000,52.82500000,49.00000000,51.19000000,12969,663883,N/A,N/A,0,0,"NYSE","","","Common Stock",51.19000000,51.19000000
20201221,51.50000000,64.89000000,51.32800000,56.54000000,17476,988093,N/A,N/A,0,0,"NYSE","","","Common Stock",56.54000000,56.54000000
20201222,61.80000000,68.38000000,61.20000000,68.38000000,18246,1247661,N/A,N/A,0,0,"NYSE","","","Common Stock",68.38000000,68.38000000
20201223,70.44000000,70.66000000,62.60000000,66.24000000,11929,790177,N/A,N/A,0,0,"NYSE","","","Common Stock",66.24000000,66.24000000
20201224,64.75000000,65.98000000,61.50000000,63.57000000,5474,347982,N/A,N/A,0,0,"NYSE","","","Common Stock",63.57000000,63.57000000
20201225,64.75000000,65.98000000,61.50000000,63.57000000,0,0,N/A,N/A,0,0,"NYSE","","","Common Stock",63.57000000,63.57000000
20201228,69.10000000,78.05000000,65.28000000,66.89000000,14553,973450,N/A,N/A,0,0,"NYSE","","","Common Stock",66.89000000,66.89000000
20201229,67.10000000,69.89000000,60.11000000,69.43000000,17912,1243630,N/A,N/A,0,0,"NYSE","","","Common Stock",69.43000000,69.43000000
20201230,70.51000000,75.62000000,70.05000000,74.19000000,11006,816535,N/A,N/A,0,0,"NYSE","","","Common Stock",74.19000000,74.19000000
20201231,74.75000000,76.92000000,70.50000000,74.31000000,10605,788058,N/A,N/A,0,0,"NYSE","","","Common Stock",74.31000000,74.31000000
20210101,74.75000000,76.92000000,70.50000000,74.31000000,0,0,N/A,N/A,0,0,"NYSE","","","Common Stock",74.31000000,74.31000000
20210104,76.00000000,76.55000000,62.22000000,66.94000000,19871,1330165,N/A,N/A,0,0,"NYSE","","","Common Stock",66.94000000,66.94000000
20210105,66.00000000,70.32000000,63.28600000,68.11000000,8036,547332,N/A,N/A,0,0,"NYSE","","","Common Stock",68.11000000,68.11000000
20210106,69.70000000,71.70000000,63.50000000,68.24000000,13439,917077,N/A,N/A,0,0,"NYSE","","","Common Stock",68.24000000,68.24000000
20210107,71.54000000,74.80000000,70.50000000,73.64000000,12244,901648,N/A,N/A,0,0,"NYSE","","","Common Stock",73.64000000,73.64000000
20210108,74.50000000,81.43000000,71.00000000,74.13000000,11314,838707,N/A,N/A,0,0,"NYSE","","","Common Stock",74.13000000,74.13000000
20210111,67.00000000,69.68000000,63.64000000,66.05000000,12805,845770,N/A,N/A,0,0,"NYSE","","","Common Stock",66.05000000,66.05000000
20210112,66.21000000,71.70000000,64.60000000,68.05000000,5748,391151,N/A,N/A,0,0,"NYSE","","","Common Stock",68.05000000,68.05000000
20210113,67.51000000,69.50000000,66.71000000,69.32000000,4190,290451,N/A,N/A,0,0,"NYSE","","","Common Stock",69.32000000,69.32000000
20210114,69.43000000,75.69000000,69.43000000,72.47000000,8442,611792,N/A,N/A,0,0,"NYSE","","","Common Stock",72.47000000,72.47000000
20210115,70.03000000,71.00000000,67.24000000,68.04000000,5508,374764,N/A,N/A,0,0,"NYSE","","","Common Stock",68.04000000,68.04000000
20210118,70.03000000,71.00000000,67.24000000,68.04000000,0,0,N/A,N/A,0,0,"NYSE","","","Common Stock",68.04000000,68.04000000
20210119,69.41000000,71.00000000,67.44000000,68.86000000,5184,356970,N/A,N/A,0,0,"NYSE","","","Common Stock",68.86000000,68.86000000
20210120,68.50000000,70.50000000,61.12000000,66.43000000,8498,564522,N/A,N/A,0,0,"NYSE","","","Common Stock",66.43000000,66.43000000
20210121,63.39000000,68.00000000,56.00000000,67.59000000,24821,1677651,N/A,N/A,0,0,"NYSE","","","Common Stock",67.59000000,67.59000000
20210122,67.00000000,78.21000000,66.00000000,76.16000000,45759,3485005,N/A,N/A,0,0,"NYSE","","","Common Stock",76.16000000,76.16000000
20210125,79.82000000,87.93900000,76.15000000,85.85000000,27204,2335463,N/A,N/A,0,0,"NYSE","","","Common Stock",85.85000000,85.85000000
20210126,85.64000000,90.42700000,81.54000000,89.33000000,13190,1178263,N/A,N/A,0,0,"NYSE","","","Common Stock",89.33000000,89.33000000
20210127,85.17000000,88.13000000,79.50000000,81.27000000,18751,1523894,N/A,N/A,0,0,"NYSE","","","Common Stock",81.27000000,81.27000000
20210128,82.50000000,86.20000000,79.00000000,84.77000000,8175,692995,N/A,N/A,0,0,"NYSE","","","Common Stock",84.77000000,84.77000000
20210129,91.30000000,102.76000000,90.05000000,93.06000000,17826,1658888,N/A,N/A,0,0,"NYSE","","","Common Stock",93.06000000,93.06000000
20210201,97.12000000,99.16000000,88.26000000,95.26000000,7857,748458,N/A,N/A,0,0,"NYSE","","","Common Stock",95.26000000,95.26000000
20210202,95.40000000,111.23000000,95.40000000,108.41000000,14513,1573354,N/A,N/A,0,0,"NYSE","","","Common Stock",108.41000000,108.41000000
20210203,110.65000000,113.62000000,104.34000000,109.51000000,9680,1060057,N/A,N/A,0,0,"NYSE","","","Common Stock",109.51000000,109.51000000
20210204,111.31000000,119.00000000,110.00000000,117.93000000,9998,1179064,N/A,N/A,0,0,"NYSE","","","Common Stock",117.93000000,117.93000000
20210205,121.01000000,128.91000000,117.64000000,125.50000000,8636,1083818,N/A,N/A,0,0,"NYSE","","","Common Stock",125.50000000,125.50000000
20210208,152.90000000,155.36000000,135.00000000,143.96000000,19211,2765616,N/A,N/A,0,0,"NYSE","","","Common Stock",143.96000000,143.96000000
20210209,149.08000000,161.13000000,142.74000000,160.06000000,15140,2423308,N/A,N/A,0,0,"NYSE","","","Common Stock",160.06000000,160.06000000
20210210,158.30000000,159.01000000,129.25000000,144.03000000,19110,2752413,N/A,N/A,0,0,"NYSE","","","Common Stock",144.03000000,144.03000000
20210211,153.98000000,158.66700000,142.17000000,149.42000000,12321,1841004,N/A,N/A,0,0,"NYSE","","","Common Stock",149.42000000,149.42000000
20210212,147.84000000,162.86000000,143.44000000,162.71000000,9742,1585121,N/A,N/A,0,0,"NYSE","","","Common Stock",162.71000000,162.71000000
20210215,147.84000000,162.86000000,143.44000000,162.71000000,0,0,N/A,N/A,0,0,"NYSE","","","Common Stock",162.71000000,162.71000000
20210216,167.01000000,187.04000000,165.50000000,176.27000000,18126,3195070,N/A,N/A,0,0,"NYSE","","","Common Stock",176.27000000,176.27000000
20210217,177.01000000,187.86400000,161.45000000,168.61000000,15539,2620031,N/A,N/A,0,0,"NYSE","","","Common Stock",168.61000000,168.61000000
20210218,160.27000000,160.46000000,142.00000000,153.75000000,12301,1891279,N/A,N/A,0,0,"NYSE","","","Common Stock",153.75000000,153.75000000
20210219,157.91000000,174.79000000,154.01000000,170.88000000,10589,1809448,N/A,N/A,0,0,"NYSE","","","Common Stock",170.88000000,170.88000000
20210222,154.80000000,170.00000000,154.40000000,162.41000000,10584,1718947,N/A,N/A,0,0,"NYSE","","","Common Stock",162.41000000,162.41000000
20210223,142.05000000,146.40000000,102.46000000,129.80000000,25185,3269013,N/A,N/A,0,0,"NYSE","","","Common Stock",129.80000000,129.80000000
20210224,133.65000000,141.61000000,130.28000000,140.52000000,13196,1854302,N/A,N/A,0,0,"NYSE","","","Common Stock",140.52000000,140.52000000
20210225,142.00000000,146.22300000,125.01000000,127.40000000,10435,1329419,N/A,N/A,0,0,"NYSE","","","Common Stock",127.40000000,127.40000000
20210226,122.29000000,134.99000000,118.22000000,127.56000000,11189,1427269,N/A,N/A,0,0,"NYSE","","","Common Stock",127.56000000,127.56000000
20210301,135.07000000,152.00000000,134.82000000,147.70000000,11221,1657342,N/A,N/A,0,0,"NYSE","","","Common Stock",147.70000000,147.70000000
20210302,150.38000000,153.37000000,140.96000000,143.32000000,8376,1200448,N/A,N/A,0,0,"NYSE","","","Common Stock",143.32000000,143.32000000
20210303,147.13000000,150.00000000,141.09000000,142.01000000,8976,1274682,N/A,N/A,0,0,"NYSE","","","Common Stock",142.01000000,142.01000000
20210304,134.69000000,142.00000000,111.21700000,117.58000000,17573,2066233,N/A,N/A,0,0,"NYSE","","","Common Stock",117.58000000,117.58000000
20210305,121.94000000,121.95000000,89.29800000,106.64000000,24037,2563306,N/A,N/A,0,0,"NYSE","","","Common Stock",106.64000000,106.64000000
20210308,114.13000000,126.48000000,107.53000000,109.01000000,13674,1490603,N/A,N/A,0,0,"NYSE","","","Common Stock",109.01000000,109.01000000
20210309,115.02000000,127.49000000,114.00000000,124.97000000,30394,3798338,N/A,N/A,0,0,"NYSE","","","Common Stock",124.97000000,124.97000000
20210310,130.00000000,134.74000000,116.21800000,122.12000000,14206,1734837,N/A,N/A,0,0,"NYSE","","","Common Stock",122.12000000,122.12000000
20210311,126.48000000,144.29000000,125.01000000,139.30000000,14202,1978339,N/A,N/A,0,0,"NYSE","","","Common Stock",139.30000000,139.30000000
20210312,130.05000000,145.65000000,130.05000000,138.59000000,13865,1921550,N/A,N/A,0,0,"NYSE","","","Common Stock",138.59000000,138.59000000
20210315,139.56000000,166.25000000,139.56000000,161.12000000,17716,2854402,N/A,N/A,0,0,"NYSE","","","Common Stock",161.12000000,161.12000000
20210316,157.83000000,174.50000000,150.20000000,156.64000000,21337,3342228,N/A,N/A,0,0,"NYSE","","","Common Stock",156.64000000,156.64000000
20210317,148.00000000,171.98300000,145.00000000,166.71000000,15796,2633351,N/A,N/A,0,0,"NYSE","","","Common Stock",166.71000000,166.71000000
20210318,166.71000000,176.36000000,143.08000000,146.18000000,20738,3031481,N/A,N/A,0,0,"NYSE","","","Common Stock",146.18000000,146.18000000
20210319,147.24000000,164.95000000,141.02000000,160.36000000,36346,5828445,N/A,N/A,0,0,"NYSE","","","Common Stock",160.36000000,160.36000000
20210322,159.52000000,165.50000000,147.03000000,148.39000000,13120,1946877,N/A,N/A,0,0,"NYSE","","","Common Stock",148.39000000,148.39000000
20210323,148.28000000,160.00000000,138.80000000,141.72000000,15220,2156978,N/A,N/A,0,0,"NYSE","","","Common Stock",141.72000000,141.72000000
20210324,146.61000000,151.00000000,124.65000000,127.21000000,14328,1822665,N/A,N/A,0,0,"NYSE","","","Common Stock",127.21000000,127.21000000
20210325,113.11000000,131.67000000,113.06000000,127.47000000,19176,2444365,N/A,N/A,0,0,"NYSE","","","Common Stock",127.47000000,127.47000000
20210326,130.01000000,132.68600000,116.55900000,123.84000000,11253,1393572,N/A,N/A,0,0,"NYSE","","","Common Stock",123.84000000,123.84000000
20210329,128.81000000,130.00000000,115.62000000,120.87000000,13566,1639722,N/A,N/A,0,0,"NYSE","","","Common Stock",120.87000000,120.87000000
20210330,124.19000000,139.96000000,119.40000000,139.51000000,16041,2237880,N/A,N/A,0,0,"NYSE","","","Common Stock",139.51000000,139.51000000
20210331,138.50000000,145.93000000,133.15000000,142.17000000,15049,2139516,N/A,N/A,0,0,"NYSE","","","Common Stock",142.17000000,142.17000000
20210401,148.29000000,152.50000000,139.04000000,143.49000000,9721,1394866,N/A,N/A,0,0,"NYSE","","","Common Stock",143.49000000,143.49000000
20210402,148.29000000,152.50000000,139.04000000,143.49000000,0,0,N/A,N/A,0,0,"NYSE","","","Common Stock",143.49000000,143.49000000
20210405,144.67000000,150.43400000,137.63000000,150.31000000,10261,1542331,N/A,N/A,0,0,"NYSE","","","Common Stock",150.31000000,150.31000000
20210406,153.00000000,164.00000000,151.31000000,157.89000000,12495,1972836,N/A,N/A,0,0,"NYSE","","","Common Stock",157.89000000,157.89000000
20210407,151.99000000,156.75500000,139.00000000,140.57000000,13258,1863677,N/A,N/A,0,0,"NYSE","","","Common Stock",140.57000000,140.57000000
20210408,141.11000000,160.28000000,141.00000000,157.00000000,14065,2208205,N/A,N/A,0,0,"NYSE","","","Common Stock",157.00000000,157.00000000
20210409,156.80000000,163.69000000,152.75000000,163.20000000,12445,2031024,N/A,N/A,0,0,"NYSE","","","Common Stock",163.20000000,163.20000000
20210412,168.35000000,178.96000000,159.41000000,162.84000000,19413,3161213,N/A,N/A,0,0,"NYSE","","","Common Stock",162.84000000,162.84000000
20210413,166.01000000,172.97000000,160.10100000,166.49000000,14205,2364990,N/A,N/A,0,0,"NYSE","","","Common Stock",166.49000000,166.49000000
20210414,171.11000000,172.49000000,135.50000000,141.32000000,25393,3588539,N/A,N/A,0,0,"NYSE","","","Common Stock",141.32000000,141.32000000
20210415,146.23000000,147.33800000,126.15800000,139.09000000,15492,2154782,N/A,N/A,0,0,"NYSE","","","Common Stock",139.09000000,139.09000000
20210416,135.00000000,136.91000000,129.06000000,133.00000000,13538,1800554,N/A,N/A,0,0,"NYSE","","","Common Stock",133.00000000,133.00000000
20210419,130.62000000,133.30000000,120.60000000,125.08000000,17501,2189025,N/A,N/A,0,0,"NYSE","","","Common Stock",125.08000000,125.08000000
20210420,124.25000000,126.23500000,107.94000000,120.64000000,18876,2277201,N/A,N/A,0,0,"NYSE","","","Common Stock",120.64000000,120.64000000
20210421,116.90000000,129.14900000,113.18000000,127.54000000,12837,1637231,N/A,N/A,0,0,"NYSE","","","Common Stock",127.54000000,127.54000000
20210422,127.00000000,131.03100000,115.25000000,117.30000000,12010,1408773,N/A,N/A,0,0,"NYSE","","","Common Stock",117.30000000,117.30000000
20210423,113.91000000,121.00000000,112.40000000,115.33000000,13160,1517743,N/A,N/A,0,0,"NYSE","","","Common Stock",115.33000000,115.33000000
20210426,119.00000000,120.39000000,113.48300000,116.28000000,15644,1819084,N/A,N/A,0,0,"NYSE","","","Common Stock",116.28000000,116.28000000
20210427,118.87000000,120.00000000,111.53000000,113.21000000,12394,1403125,N/A,N/A,0,0,"NYSE","","","Common Stock",113.21000000,113.21000000
20210428,112.80000000,115.70000000,109.60500000,113.29000000,7609,862024,N/A,N/A,0,0,"NYSE","","","Common Stock",113.29000000,113.29000000
20210429,114.50000000,117.00000000,109.30000000,111.36000000,8833,983643,N/A,N/A,0,0,"NYSE","","","Common Stock",111.36000000,111.36000000
20210430,109.50000000,114.46000000,106.42000000,107.22000000,14499,1554583,N/A,N/A,0,0,"NYSE","","","Common Stock",107.22000000,107.22000000
20210503,108.45000000,111.34000000,99.08200000,103.20000000,15847,1635410,N/A,N/A,0,0,"NYSE","","","Common Stock",103.20000000,103.20000000
20210504,99.01000000,101.99000000,95.02000000,101.98000000,13085,1334408,N/A,N/A,2583915,25337,"NYSE","","","Common Stock",101.98000000,101.98000000
20210505,102.00000000,107.82000000,101.21300000,104.35000000,7660,799321,N/A,N/A,2643965,25337,"NYSE","","","Common Stock",104.35000000,104.35000000
20210506,102.59000000,102.98000000,92.23000000,97.41000000,13796,1343868,N/A,N/A,2468123,25337,"NYSE","","","Common Stock",97.41000000,97.41000000
20210507,98.00000000,101.34000000,92.13000000,93.26000000,13963,1302189,N/A,N/A,2362973,25337,"NYSE","","","Common Stock",93.26000000,93.26000000
20210510,93.69000000,93.73000000,86.58500000,87.21000000,11960,1043032,N/A,N/A,2209681,25337,"NYSE","","","Common Stock",87.21000000,87.21000000
20210511,82.14000000,87.21000000,81.17000000,85.10000000,13863,1179741,N/A,N/A,2156219,25337,"NYSE","","","Common Stock",85.10000000,85.10000000
20210512,83.68000000,88.63000000,80.78000000,80.82000000,11915,962970,N/A,N/A,2047775,25337,"NYSE","","","Common Stock",80.82000000,80.82000000
20210513,92.51000000,104.48000000,82.62000000,91.92000000,58021,5333290,N/A,N/A,2329021,25337,"NYSE","","","Common Stock",91.92000000,91.92000000
20210514,92.16000000,94.00000000,86.40000000,93.29000000,30581,2852901,N/A,N/A,2363733,25337,"NYSE","","","Common Stock",93.29000000,93.29000000
20210517,90.51000000,93.52000000,86.14000000,91.24000000,19371,1767410,N/A,N/A,2311791,25337,"NYSE","","","Common Stock",91.24000000,91.24000000
20210518,91.99000000,105.99000000,90.57000000,96.66000000,29023,2805363,N/A,N/A,2449120,25337,"NYSE","","","Common Stock",96.66000000,96.66000000
20210519,89.78000000,103.85000000,86.42000000,102.55000000,35990,3690774,N/A,N/A,2598358,25337,"NYSE","","","Common Stock",102.55000000,102.55000000
20210520,107.37000000,110.91000000,102.52000000,109.65000000,25118,2754189,N/A,N/A,2778254,25337,"NYSE","","","Common Stock",109.65000000,109.65000000
20210521,112.10000000,114.91000000,104.63000000,105.20000000,19543,2055924,N/A,N/A,2665502,25337,"NYSE","","","Common Stock",105.20000000,105.20000000
20210524,105.66000000,108.57000000,101.63000000,106.06000000,9659,1024434,N/A,N/A,2687292,25337,"NYSE","","","Common Stock",106.06000000,106.06000000
20210525,107.13000000,111.68700000,106.01000000,107.04000000,9919,1061730,N/A,N/A,2712123,25337,"NYSE","","","Common Stock",107.04000000,107.04000000
20210526,108.93000000,116.00000000,107.75000000,112.76000000,8149,918881,N/A,N/A,2857053,25337,"NYSE","","","Common Stock",112.76000000,112.76000000
20210527,114.00000000,118.22000000,110.68000000,118.02000000,10236,1208053,N/A,N/A,2990329,25337,"NYSE","","","Common Stock",118.02000000,118.02000000
20210528,118.11000000,118.72000000,111.00000000,111.40000000,6973,776792,N/A,N/A,2822594,25337,"NYSE","","","Common Stock",111.40000000,111.40000000
20210531,118.11000000,118.72000000,111.00000000,111.40000000,0,0,N/A,N/A,0,0,"NYSE","","","Common Stock",111.40000000,111.40000000
20210601,112.01000000,118.67000000,111.91000000,115.69000000,13386,1548626,N/A,N/A,2931292,25337,"NYSE","","","Common Stock",115.69000000,115.69000000
20210602,117.96000000,117.96000000,110.65000000,114.12000000,8122,926883,N/A,N/A,2891512,25337,"NYSE","","","Common Stock",114.12000000,114.12000000
20210603,114.10000000,115.47000000,109.00000000,111.56000000,5671,632657,N/A,N/A,2826648,25337,"NYSE","","","Common Stock",111.56000000,111.56000000
20210604,111.46000000,113.81000000,109.60000000,113.29000000,4368,494851,N/A,N/A,2870482,25337,"NYSE","","","Common Stock",113.29000000,113.29000000
20210607,113.49000000,116.27000000,112.42000000,115.44000000,5168,596594,N/A,N/A,2924958,25337,"NYSE","","","Common Stock",115.44000000,115.44000000
20210608,113.21000000,114.75000000,101.28300000,103.45000000,15304,1583199,N/A,N/A,2621162,25337,"NYSE","","","Common Stock",103.45000000,103.45000000
20210609,104.98000000,109.79000000,102.61000000,106.21000000,10174,1080581,N/A,N/A,2691093,25337,"NYSE","","","Common Stock",106.21000000,106.21000000
20210610,107.25000000,108.25000000,100.50000000,101.18000000,7629,771902,N/A,N/A,2563646,25337,"NYSE","","","Common Stock",101.18000000,101.18000000
20210611,101.40000000,103.35000000,96.13000000,96.36000000,10849,1045410,N/A,N/A,2441519,25337,"NYSE","","","Common Stock",96.36000000,96.36000000
20210614,99.47000000,104.76000000,97.96000000,98.95000000,10999,1088351,N/A,N/A,2507143,25337,"NYSE","","","Common Stock",98.95000000,98.95000000
20210615,99.55000000,105.38000000,98.24000000,103.15000000,9494,979306,N/A,N/A,2613560,25337,"NYSE","","","Common Stock",103.15000000,103.15000000
20210616,100.86000000,103.41500000,96.98000000,101.82000000,8606,876263,N/A,N/A,2579862,25337,"NYSE","","","Common Stock",101.82000000,101.82000000
20210617,102.27000000,103.50000000,99.55000000,100.33000000,6032,605191,N/A,N/A,2542109,25337,"NYSE","","","Common Stock",100.33000000,100.33000000
20210618,99.82000000,100.85000000,93.79000000,94.82000000,10805,1024530,N/A,N/A,2402499,25337,"NYSE","","","Common Stock",94.82000000,94.82000000
20210621,93.38000000,98.97000000,92.51000000,97.90000000,8240,806696,N/A,N/A,2480539,25337,"NYSE","","","Common Stock",97.90000000,97.90000000
20210622,94.76000000,97.18000000,89.64000000,96.74000000,8997,870370,N/A,N/A,2451147,25337,"NYSE","","","Common Stock",96.74000000,96.74000000
20210623,98.26000000,100.97000000,96.37000000,99.70000000,6237,621829,N/A,N/A,2526146,25337,"NYSE","","","Common Stock",99.70000000,99.70000000
20210624,101.32000000,107.47000000,101.06500000,106.84000000,9642,1030151,N/A,N/A,2707056,25337,"NYSE","","","Common Stock",106.84000000,106.84000000
20210625,105.00000000,105.54000000,102.04000000,102.33000000,16229,1660714,N/A,N/A,2592784,25337,"NYSE","","","Common Stock",102.33000000,102.33000000
20210628,103.50000000,109.23000000,102.57600000,108.29000000,6877,744710,N/A,N/A,2743795,25337,"NYSE","","","Common Stock",108.29000000,108.29000000
20210629,109.81000000,113.92000000,109.27100000,112.11000000,7624,854727,N/A,N/A,2840584,25337,"NYSE","","","Common Stock",112.11000000,112.11000000
20210630,111.88000000,114.95000000,109.01000000,113.32000000,7363,834375,N/A,N/A,2871242,25337,"NYSE","","","Common Stock",113.32000000,113.32000000
20210701,113.65000000,114.73000000,107.07100000,109.51000000,5550,607781,N/A,N/A,2774707,25337,"NYSE","","","Common Stock",109.51000000,109.51000000
20210702,110.00000000,110.47700000,106.45500000,107.71000000,2523,271752,N/A,N/A,2729099,25337,"NYSE","","","Common Stock",107.71000000,107.71000000
20210705,110.00000000,110.47700000,106.45500000,107.71000000,0,0,N/A,N/A,0,0,"NYSE","","","Common Stock",107.71000000,107.71000000
20210706,107.18000000,107.80000000,104.00000000,107.17000000,2857,306185,N/A,N/A,2715417,25337,"NYSE","","","Common Stock",107.17000000,107.17000000
20210707,107.40000000,109.80000000,104.00000000,105.18000000,5479,576281,N/A,N/A,2664995,25337,"NYSE","","","Common Stock",105.18000000,105.18000000
20210708,102.04000000,103.01000000,97.95000000,100.77000000,6143,619030,N/A,N/A,2553257,25337,"NYSE","","","Common Stock",100.77000000,100.77000000
20210709,101.02000000,106.83000000,100.00100000,106.72000000,3353,357832,N/A,N/A,2704015,25337,"NYSE","","","Common Stock",106.72000000,106.72000000
20210712,106.40000000,106.40000000,102.50000000,102.97000000,3471,357409,N/A,N/A,2609000,25337,"NYSE","","","Common Stock",102.97000000,102.97000000
20210713,102.78000000,102.85000000,98.17000000,98.26000000,4322,424680,N/A,N/A,2489660,25337,"NYSE","","","Common Stock",98.26000000,98.26000000
20210714,99.05000000,100.49000000,93.36000000,93.88000000,5122,480853,N/A,N/A,2378682,25337,"NYSE","","","Common Stock",93.88000000,93.88000000
20210715,93.49000000,96.74000000,88.70400000,91.82000000,6298,578282,N/A,N/A,2326487,25337,"NYSE","","","Common Stock",91.82000000,91.82000000
20210716,92.63000000,92.63000000,86.95000000,87.60000000,5416,474442,N/A,N/A,2219563,25337,"NYSE","","","Common Stock",87.60000000,87.60000000
20210719,84.39000000,87.25800000,83.06000000,86.36000000,7207,622397,N/A,N/A,2188144,25337,"NYSE","","","Common Stock",86.36000000,86.36000000
20210720,89.88000000,100.35000000,88.55000000,98.75000000,13144,1297970,N/A,N/A,2502075,25337,"NYSE","","","Common Stock",98.75000000,98.75000000
20210721,101.65000000,109.10500000,101.01000000,107.87000000,8745,943323,N/A,N/A,2733153,25337,"NYSE","","","Common Stock",107.87000000,107.87000000
20210722,108.08000000,109.89000000,103.92500000,105.32000000,5630,592952,N/A,N/A,2668543,25337,"NYSE","","","Common Stock",105.32000000,105.32000000
20210723,106.34000000,106.55000000,101.50000000,105.04000000,3780,397051,N/A,N/A,2661448,25337,"NYSE","","","Common Stock",105.04000000,105.04000000
20210726,109.87000000,114.49300000,109.20000000,112.22000000,7094,796089,N/A,N/A,2843371,25337,"NYSE","","","Common Stock",112.22000000,112.22000000
20210727,110.05000000,110.05000000,102.03000000,105.21000000,5156,542463,N/A,N/A,2665756,25337,"NYSE","","","Common Stock",105.21000000,105.21000000
20210728,108.08000000,110.50000000,104.04300000,108.81000000,3717,404447,N/A,N/A,2756970,25337,"NYSE","","","Common Stock",108.81000000,108.81000000
20210729,109.79000000,111.67000000,106.31000000,106.52000000,2536,270135,N/A,N/A,2698948,25337,"NYSE","","","Common Stock",106.52000000,106.52000000
20210730,106.00000000,108.62000000,102.50000000,102.80000000,4906,504337,N/A,N/A,2604692,25337,"NYSE","","","Common Stock",102.80000000,102.80000000
20210802,103.14000000,107.83000000,101.61000000,101.76000000,5536,563343,N/A,N/A,2578341,25337,"NYSE","","","Common Stock",101.76000000,101.76000000
20210803,102.47000000,102.47000000,96.25000000,100.53000000,3727,374675,N/A,N/A,2666118,26521,"NYSE","","","Common Stock",100.53000000,100.53000000
20210804,102.11000000,105.83000000,101.05000000,103.06000000,3719,383280,N/A,N/A,2733215,26521,"NYSE","","","Common Stock",103.06000000,103.06000000
20210805,101.72000000,110.08000000,101.00000000,109.36000000,5792,633413,N/A,N/A,2900295,26521,"NYSE","","","Common Stock",109.36000000,109.36000000
20210806,111.00000000,117.25000000,110.07500000,115.77000000,9095,1052928,N/A,N/A,3070292,26521,"NYSE","","","Common Stock",115.77000000,115.77000000
20210809,116.34000000,121.62000000,115.48000000,117.21000000,8340,977531,N/A,N/A,3108482,26521,"NYSE","","","Common Stock",117.21000000,117.21000000
20210810,120.20000000,120.80000000,113.00000000,115.28000000,6364,733642,N/A,N/A,3057297,26521,"NYSE","","","Common Stock",115.28000000,115.28000000
20210811,117.88000000,117.88000000,113.10000000,117.35000000,4412,517748,N/A,N/A,3112195,26521,"NYSE","","","Common Stock",117.35000000,117.35000000
20210812,115.02000000,116.76000000,111.93000000,113.90000000,3756,427808,N/A,N/A,3020699,26521,"NYSE","","","Common Stock",113.90000000,113.90000000
20210813,115.08000000,123.50000000,110.61000000,111.70000000,8322,929567,N/A,N/A,2962353,26521,"NYSE","","","Common Stock",111.70000000,111.70000000
20210816,111.40000000,112.50000000,105.63000000,109.53000000,4775,523006,N/A,N/A,2904804,26521,"NYSE","","","Common Stock",109.53000000,109.53000000
20210817,106.25000000,106.25000000,95.17000000,97.62000000,11540,1126535,N/A,N/A,2588943,26521,"NYSE","","","Common Stock",97.62000000,97.62000000
20210818,98.00000000,102.50000000,95.96400000,97.13000000,5480,532272,N/A,N/A,2575948,26521,"NYSE","","","Common Stock",97.13000000,97.13000000
20210819,96.52000000,98.30000000,93.90000000,94.62000000,6629,627236,N/A,N/A,2509381,26521,"NYSE","","","Common Stock",94.62000000,94.62000000
20210820,94.80000000,102.22300000,94.08000000,100.75000000,6445,649334,N/A,N/A,2671953,26521,"NYSE","","","Common Stock",100.75000000,100.75000000
20210823,104.75000000,109.20000000,103.13000000,108.09000000,6703,724527,N/A,N/A,2866614,26521,"NYSE","","","Common Stock",108.09000000,108.09000000
20210824,107.90000000,111.65000000,107.12000000,109.58000000,5892,645645,N/A,N/A,2906130,26521,"NYSE","","","Common Stock",109.58000000,109.58000000
20210825,109.00000000,114.85000000,107.45000000,111.48000000,6190,690061,N/A,N/A,2956519,26521,"NYSE","","","Common Stock",111.48000000,111.48000000
20210826,110.31000000,114.27500000,107.82000000,109.10000000,4340,473494,N/A,N/A,2893400,26521,"NYSE","","","Common Stock",109.10000000,109.10000000
20210827,109.30000000,116.23000000,109.11000000,114.25000000,6056,691898,N/A,N/A,3029981,26521,"NYSE","","","Common Stock",114.25000000,114.25000000
20210830,113.26000000,114.19000000,108.25000000,110.63000000,4963,549057,N/A,N/A,2933976,26521,"NYSE","","","Common Stock",110.63000000,110.63000000
20210831,111.56000000,114.48500000,110.54000000,112.98000000,4522,510896,N/A,N/A,2996300,26521,"NYSE","","","Common Stock",112.98000000,112.98000000
20210901,113.45000000,118.04000000,112.20000000,115.10000000,4606,530151,N/A,N/A,3052523,26521,"NYSE","","","Common Stock",115.10000000,115.10000000
20210902,118.01000000,119.12000000,115.31000000,118.84000000,3813,453137,N/A,N/A,3151711,26521,"NYSE","","","Common Stock",118.84000000,118.84000000
20210903,119.65000000,123.85000000,117.45500000,120.65000000,6600,796290,N/A,N/A,3199713,26521,"NYSE","","","Common Stock",120.65000000,120.65000000
20210906,119.65000000,123.85000000,117.45500000,120.65000000,0,0,N/A,N/A,0,0,"NYSE","","","Common Stock",120.65000000,120.65000000
20210907,121.02000000,126.62000000,117.42000000,118.62000000,9706,1151326,N/A,N/A,3145876,26521,"NYSE","","","Common Stock",118.62000000,118.62000000
20210908,116.87000000,116.98000000,109.61000000,111.40000000,5390,600446,N/A,N/A,2954397,26521,"NYSE","","","Common Stock",111.40000000,111.40000000
20210909,112.00000000,117.74000000,112.00000000,116.34000000,4198,488395,N/A,N/A,3085409,26521,"NYSE","","","Common Stock",116.34000000,116.34000000
20210910,117.07000000,118.20000000,110.90000000,111.03000000,4533,503299,N/A,N/A,2944585,26521,"NYSE","","","Common Stock",111.03000000,111.03000000
20210913,112.00000000,112.36000000,106.50000000,109.17000000,4745,518012,N/A,N/A,2895256,26521,"NYSE","","","Common Stock",109.17000000,109.17000000
20210914,110.60000000,111.75000000,103.90000000,104.52000000,4162,435012,N/A,N/A,2771935,26521,"NYSE","","","Common Stock",104.52000000,104.52000000
20210915,105.33000000,110.00000000,104.80800000,108.55000000,4774,518218,N/A,N/A,2878813,26521,"NYSE","","","Common Stock",108.55000000,108.55000000
20210916,108.24000000,112.94000000,108.24000000,111.53000000,3401,379314,N/A,N/A,2957845,26521,"NYSE","","","Common Stock",111.53000000,111.53000000
20210917,112.39000000,113.35000000,109.62900000,111.49000000,10469,1167189,N/A,N/A,2956784,26521,"NYSE","","","Common Stock",111.49000000,111.49000000
20210920,106.40000000,107.47000000,100.66000000,101.98000000,7351,749655,N/A,N/A,2704573,26521,"NYSE","","","Common Stock",101.98000000,101.98000000
20210921,103.63000000,105.12000000,100.90000000,101.71000000,4386,446100,N/A,N/A,2697412,26521,"NYSE","","","Common Stock",101.71000000,101.71000000
20210922,102.01000000,104.20000000,99.78000000,102.02000000,5932,605183,N/A,N/A,2705634,26521,"NYSE","","","Common Stock",102.02000000,102.02000000
20210923,103.30000000,105.77000000,100.61000000,105.07000000,6594,692832,N/A,N/A,2786522,26521,"NYSE","","","Common Stock",105.07000000,105.07000000
20210924,102.00000000,104.39000000,100.62200000,103.73000000,5144,533587,N/A,N/A,2750984,26521,"NYSE","","","Common Stock",103.73000000,103.73000000
20210927,106.33000000,111.47000000,105.25000000,110.57000000,8294,917068,N/A,N/A,2932385,26521,"NYSE","","","Common Stock",110.57000000,110.57000000
20210928,110.46000000,110.57000000,105.02000000,109.55000000,6172,676143,N/A,N/A,2905334,26521,"NYSE","","","Common Stock",109.55000000,109.55000000
20210929,111.00000000,117.70000000,110.40000000,115.57000000,8092,935192,N/A,N/A,3064988,26521,"NYSE","","","Common Stock",115.57000000,115.57000000
20210930,117.24000000,118.45000000,112.43000000,115.50000000,6782,783321,N/A,N/A,3063132,26521,"NYSE","","","Common Stock",115.50000000,115.50000000
20211001,118.64000000,128.31000000,116.87000000,128.05000000,12012,1538137,N/A,N/A,3395966,26521,"NYSE","","","Common Stock",128.05000000,128.05000000
20211004,128.20000000,141.96000000,121.06000000,135.90000000,18136,2464682,N/A,N/A,3604152,26521,"NYSE","","","Common Stock",135.90000000,135.90000000
20211005,138.36000000,154.60000000,137.76000000,153.00000000,23949,3664197,N/A,N/A,4057655,26521,"NYSE","","","Common Stock",153.00000000,153.00000000
20211006,155.52000000,167.50000000,144.00000000,162.71000000,25365,4127139,N/A,N/A,4315170,26521,"NYSE","","","Common Stock",162.71000000,162.71000000
20211007,160.22000000,168.60000000,148.37000000,151.72000000,18561,2816075,N/A,N/A,4023709,26521,"NYSE","","","Common Stock",151.72000000,151.72000000
20211008,155.10000000,167.77000000,154.00000000,162.64000000,13488,2193688,N/A,N/A,4313314,26521,"NYSE","","","Common Stock",162.64000000,162.64000000
20211011,163.79000000,174.99000000,159.55000000,159.99000000,12690,2030273,N/A,N/A,4243034,26521,"NYSE","","","Common Stock",159.99000000,159.99000000
20211012,159.00000000,164.74500000,153.50000000,159.31000000,10098,1608712,N/A,N/A,4225000,26521,"NYSE","","","Common Stock",159.31000000,159.31000000
20211013,158.34000000,159.21000000,151.12000000,156.95000000,7327,1149973,N/A,N/A,4162411,26521,"NYSE","","","Common Stock",156.95000000,156.95000000
20211014,160.96000000,166.39000000,158.00000000,160.10000000,7918,1267672,N/A,N/A,4245951,26521,"NYSE","","","Common Stock",160.10000000,160.10000000
20211015,165.00000000,168.85000000,158.11000000,159.49000000,10807,1723608,N/A,N/A,4229774,26521,"NYSE","","","Common Stock",159.49000000,159.49000000
20211018,159.50000000,166.16000000,158.14000000,158.19000000,12758,2018188,N/A,N/A,4195297,26521,"NYSE","","","Common Stock",158.19000000,158.19000000
20211019,142.57000000,148.00000000,133.10000000,137.01000000,29436,4033026,N/A,N/A,3633590,26521,"NYSE","","","Common Stock",137.01000000,137.01000000
20211020,139.00000000,153.83700000,138.43000000,147.55000000,17992,2654720,N/A,N/A,3913118,26521,"NYSE","","","Common Stock",147.55000000,147.55000000
20211021,146.03000000,152.13000000,143.62000000,148.38000000,7818,1160035,N/A,N/A,3935130,26521,"NYSE","","","Common Stock",148.38000000,148.38000000
20211022,147.64000000,152.97000000,140.51700000,145.92000000,6564,957819,N/A,N/A,3869889,26521,"NYSE","","","Common Stock",145.92000000,145.92000000
20211025,148.00000000,154.08000000,147.70000000,153.80000000,7700,1184260,N/A,N/A,4078872,26521,"NYSE","","","Common Stock",153.80000000,153.80000000
20211026,154.00000000,163.28000000,153.95000000,159.84000000,10037,1604314,N/A,N/A,4239056,26521,"NYSE","","","Common Stock",159.84000000,159.84000000
20211027,155.80000000,158.29000000,146.92000000,147.18000000,8856,1303426,N/A,N/A,3903305,26521,"NYSE","","","Common Stock",147.18000000,147.18000000
20211028,151.53000000,157.08000000,151.47300000,157.08000000,8785,1379948,N/A,N/A,4165859,26521,"NYSE","","","Common Stock",157.08000000,157.08000000
20211029,156.38000000,162.00000000,153.94000000,156.62000000,8108,1269875,N/A,N/A,4153660,26521,"NYSE","","","Common Stock",156.62000000,156.62000000
20211101,159.01000000,194.00000000,157.00000000,190.34000000,31556,6006369,N/A,N/A,5047935,26521,"NYSE","","","Common Stock",190.34000000,190.34000000
20211102,190.34000000,205.97000000,186.10000000,203.66000000,16644,3389717,N/A,N/A,5401190,26521,"NYSE","","","Common Stock",203.66000000,203.66000000
20211103,201.02000000,222.49000000,195.65000000,222.13000000,11101,2465865,N/A,N/A,5891026,26521,"NYSE","","","Common Stock",222.13000000,222.13000000
20211104,221.01000000,221.57000000,203.45400000,215.96000000,10319,2228491,N/A,N/A,5727393,26521,"NYSE","","","Common Stock",215.96000000,215.96000000
20211105,220.20000000,226.97400000,210.07000000,215.16000000,6010,1293112,N/A,N/A,5706177,26521,"NYSE","","","Common Stock",215.16000000,215.16000000
20211108,219.38000000,225.03000000,210.05000000,217.18000000,8256,1793038,N/A,N/A,5759748,26521,"NYSE","","","Common Stock",217.18000000,217.18000000
20211109,221.16000000,230.58000000,200.60000000,203.55000000,9261,1885077,N/A,N/A,5398272,26521,"NYSE","","","Common Stock",203.55000000,203.55000000
20211110,206.60000000,207.00000000,187.73000000,188.73000000,8969,1692719,N/A,N/A,5005237,26521,"NYSE","","","Common Stock",188.73000000,188.73000000
20211111,207.99000000,216.00000000,200.00000000,208.38000000,12605,2626630,N/A,N/A,5526367,26521,"NYSE","","","Common Stock",208.38000000,208.38000000
20211112,205.18000000,214.24000000,199.10000000,212.00000000,6577,1394324,N/A,N/A,5634642,26578,"NYSE","","","Common Stock",212.00000000,212.00000000
20211115,216.01500000,217.00000000,202.20000000,208.00000000,6295,1309360,N/A,N/A,5528328,26578,"NYSE","","","Common Stock",208.00000000,208.00000000
20211116,202.26000000,203.83000000,196.05000000,197.70000000,7538,1490263,N/A,N/A,5254569,26578,"NYSE","","","Common Stock",197.70000000,197.70000000
20211117,200.42000000,206.45000000,194.10000000,198.99000000,7563,1504961,N/A,N/A,5288856,26578,"NYSE","","","Common Stock",198.99000000,198.99000000
20211118,198.96000000,202.52000000,190.05000000,198.60000000,4684,930242,N/A,N/A,5278490,26578,"NYSE","","","Common Stock",198.60000000,198.60000000
20211119,196.92000000,227.00000000,195.85000000,219.75000000,13436,2952561,N/A,N/A,5840625,26578,"NYSE","","","Common Stock",219.75000000,219.75000000
20211122,222.50000000,239.26000000,184.01000000,194.77000000,16619,3236883,N/A,N/A,5176694,26578,"NYSE","","","Common Stock",194.77000000,194.77000000
20211123,191.02000000,202.59000000,187.01000000,201.13000000,7599,1528387,N/A,N/A,5345734,26578,"NYSE","","","Common Stock",201.13000000,201.13000000
20211124,196.00000000,215.33000000,193.21700000,214.02000000,6015,1287330,N/A,N/A,5688330,26578,"NYSE","","","Common Stock",214.02000000,214.02000000
20211125,196.00000000,215.33000000,193.21700000,214.02000000,0,0,N/A,N/A,0,0,"NYSE","","","Common Stock",214.02000000,214.02000000
20211126,201.74500000,207.96000000,189.25000000,201.66000000,8313,1676400,N/A,N/A,5359820,26578,"NYSE","","","Common Stock",201.66000000,201.66000000
20211129,210.40000000,216.79000000,202.17000000,213.45000000,9204,1964594,N/A,N/A,5673181,26578,"NYSE","","","Common Stock",213.45000000,213.45000000
20211130,215.00000000,232.00000000,198.67200000,204.48000000,15301,3128748,N/A,N/A,5434771,26578,"NYSE","","","Common Stock",204.48000000,204.48000000
20211201,211.00000000,226.00000000,194.35000000,198.29000000,16080,3188503,N/A,N/A,5270251,26578,"NYSE","","","Common Stock",198.29000000,198.29000000
20211202,195.00000000,203.72700000,185.43000000,194.26000000,15579,3026377,N/A,N/A,5163139,26578,"NYSE","","","Common Stock",194.26000000,194.26000000
20211203,195.02000000,197.21000000,160.07000000,164.21000000,22249,3653508,N/A,N/A,4364455,26578,"NYSE","","","Common Stock",164.21000000,164.21000000
20211206,154.45000000,169.96000000,147.90000000,165.37000000,16827,2782681,N/A,N/A,4395286,26578,"NYSE","","","Common Stock",165.37000000,165.37000000
20211207,156.28000000,173.00000000,155.17000000,165.16000000,49007,8093996,N/A,N/A,4389705,26578,"NYSE","","","Common Stock",165.16000000,165.16000000
20211208,166.00000000,171.23000000,161.51000000,168.05000000,10609,1782842,N/A,N/A,4466517,26578,"NYSE","","","Common Stock",168.05000000,168.05000000
20211209,167.98000000,171.00000000,145.89500000,148.12000000,20671,3061789,N/A,N/A,3936807,26578,"NYSE","","","Common Stock",148.12000000,148.12000000
20211210,155.85000000,155.85000000,145.64500000,152.87000000,14775,2258654,N/A,N/A,4063055,26578,"NYSE","","","Common Stock",152.87000000,152.87000000
20211213,149.81000000,149.81000000,137.41000000,139.03000000,13167,1830608,N/A,N/A,3695209,26578,"NYSE","","","Common Stock",139.03000000,139.03000000
20211214,135.52000000,143.59000000,134.46000000,139.21000000,8953,1246347,N/A,N/A,3699993,26578,"NYSE","","","Common Stock",139.21000000,139.21000000
20211215,139.00000000,149.12000000,133.35400000,146.95000000,11343,1666854,N/A,N/A,3905710,26578,"NYSE","","","Common Stock",146.95000000,146.95000000
20211216,155.85000000,157.04000000,139.96000000,143.96000000,12476,1796045,N/A,N/A,3826241,26578,"NYSE","","","Common Stock",143.96000000,143.96000000
20211217,139.49000000,145.89000000,132.23000000,142.12000000,14848,2110198,N/A,N/A,3777336,26578,"NYSE","","","Common Stock",142.12000000,142.12000000
20211220,136.46000000,140.10000000,131.83000000,132.60000000,9590,1271634,N/A,N/A,3524309,26578,"NYSE","","","Common Stock",132.60000000,132.60000000
